Contactonombrre,telefono,corrreo,empresa,extra
Karina Cervantes,+502 (805) 502-3648,karinacervantes@navir.com,NAVIR,"Lo conoci en , NAVIR No recuerdo exactamente cuando, 2 mensajes no leídos"
Kelly Mercado,+502 (806) 455-2177,kellymercado@menbrain.com,MENBRAIN,"Lo conoci en , MENBRAIN No recuerdo exactamente cuando, 2 mensajes no leídos"
Kasey Snyder,+502 (963) 505-2454,kaseysnyder@xerex.com,XEREX,"Lo conoci en , XEREX No recuerdo exactamente cuando, 7 mensajes no leídos"
Kate Monroe,+502 (941) 544-3928,katemonroe@ewaves.com,EWAVES,"Lo conoci en , EWAVES No recuerdo exactamente cuando, 2 mensajes no leídos"
Kelley Haney,+502 (977) 559-3175,kelleyhaney@zaphire.com,ZAPHIRE,"Lo conoci en , ZAPHIRE No recuerdo exactamente cuando, 5 mensajes no leídos"
Kellie Bartlett,+502 (886) 469-2534,kelliebartlett@bedder.com,BEDDER,"Lo conoci en , BEDDER No recuerdo exactamente cuando, 3 mensajes no leídos"
Maddox Yates,+502 (983) 419-2886,maddoxyates@snips.com,SNIPS,"Lo conoci en , SNIPS No recuerdo exactamente cuando, 3 mensajes no leídos"
Mccormick Baldwin,+502 (972) 547-2369,mccormickbaldwin@xoggle.com,XOGGLE,"Lo conoci en , XOGGLE No recuerdo exactamente cuando, 4 mensajes no leídos"
Martinez Le,+502 (965) 414-3918,martinezle@ecstasia.com,ECSTASIA,"Lo conoci en , ECSTASIA No recuerdo exactamente cuando, 5 mensajes no leídos"
Maxine Pace,+502 (813) 592-2637,maxinepace@assistia.com,ASSISTIA,"Lo conoci en , ASSISTIA No recuerdo exactamente cuando, 8 mensajes no leídos"
Mai Pope,+502 (988) 464-3893,maipope@liquidoc.com,LIQUIDOC,"Lo conoci en , LIQUIDOC No recuerdo exactamente cuando, 10 mensajes no leídos"
Stephanie Holloway,+502 (840) 567-3965,stephanieholloway@austex.com,AUSTEX,"Lo conoci en , AUSTEX No recuerdo exactamente cuando, 5 mensajes no leídos"
Sandoval Higgins,+502 (821) 486-3343,sandovalhiggins@senmei.com,SENMEI,"Lo conoci en , SENMEI No recuerdo exactamente cuando, 6 mensajes no leídos"
Stephenson Hopkins,+502 (991) 589-2891,stephensonhopkins@splinx.com,SPLINX,"Lo conoci en , SPLINX No recuerdo exactamente cuando, 9 mensajes no leídos"
Saundra Gallegos,+502 (966) 584-3642,saundragallegos@kneedles.com,KNEEDLES,"Lo conoci en , KNEEDLES No recuerdo exactamente cuando, 1 mensajes no leídos"
Silva Bond,+502 (960) 564-2813,silvabond@visalia.com,VISALIA,"Lo conoci en , VISALIA No recuerdo exactamente cuando, 6 mensajes no leídos"
Susanne Ortiz,+502 (823) 433-2842,susanneortiz@parleynet.com,PARLEYNET,"Lo conoci en , PARLEYNET No recuerdo exactamente cuando, 1 mensajes no leídos"
Simon Cook,+502 (999) 512-3429,simoncook@automon.com,AUTOMON,"Lo conoci en , AUTOMON No recuerdo exactamente cuando, 5 mensajes no leídos"
Short Fitzpatrick,+502 (858) 509-2099,shortfitzpatrick@waretel.com,WARETEL,"Lo conoci en , WARETEL No recuerdo exactamente cuando, 4 mensajes no leídos"
Serena Palmer,+502 (943) 446-2107,serenapalmer@roboid.com,ROBOID,"Lo conoci en , ROBOID No recuerdo exactamente cuando, 10 mensajes no leídos"
Summer Dominguez,+502 (838) 593-3884,summerdominguez@noralex.com,NORALEX,"Lo conoci en , NORALEX No recuerdo exactamente cuando, 2 mensajes no leídos"
Stein Steele,+502 (986) 442-2258,steinsteele@rubadub.com,RUBADUB,"Lo conoci en , RUBADUB No recuerdo exactamente cuando, 9 mensajes no leídos"
Hardin Sweeney,+502 (895) 405-3994,hardinsweeney@myopium.com,MYOPIUM,"Lo conoci en , MYOPIUM No recuerdo exactamente cuando, 2 mensajes no leídos"
Hendrix Adkins,+502 (978) 524-2528,hendrixadkins@omnigog.com,OMNIGOG,"Lo conoci en , OMNIGOG No recuerdo exactamente cuando, 5 mensajes no leídos"
Hobbs Pitts,+502 (881) 439-3166,hobbspitts@retrotex.com,RETROTEX,"Lo conoci en , RETROTEX No recuerdo exactamente cuando, 7 mensajes no leídos"
Holmes Blake,+502 (869) 551-2046,holmesblake@xyqag.com,XYQAG,"Lo conoci en , XYQAG No recuerdo exactamente cuando, 9 mensajes no leídos"
Hannah Mcclure,+502 (900) 489-3382,hannahmcclure@strezzo.com,STREZZO,"Lo conoci en , STREZZO No recuerdo exactamente cuando, 7 mensajes no leídos"
Herring Rivera,+502 (992) 403-3945,herringrivera@qualitex.com,QUALITEX,"Lo conoci en , QUALITEX No recuerdo exactamente cuando, 1 mensajes no leídos"
Hoffman Finley,+502 (938) 405-2494,hoffmanfinley@velos.com,VELOS,"Lo conoci en , VELOS No recuerdo exactamente cuando, 9 mensajes no leídos"
Hubbard Miranda,+502 (906) 565-3255,hubbardmiranda@marqet.com,MARQET,"Lo conoci en , MARQET No recuerdo exactamente cuando, 4 mensajes no leídos"
Beach Sears,+502 (886) 542-2819,beachsears@nitracyr.com,NITRACYR,"Lo conoci en , NITRACYR No recuerdo exactamente cuando, 8 mensajes no leídos"
Blake Dawson,+502 (921) 432-3140,blakedawson@anacho.com,ANACHO,"Lo conoci en , ANACHO No recuerdo exactamente cuando, 3 mensajes no leídos"
Bernard Eaton,+502 (835) 471-2084,bernardeaton@magnemo.com,MAGNEMO,"Lo conoci en , MAGNEMO No recuerdo exactamente cuando, 2 mensajes no leídos"
Bobbie Kim,+502 (930) 545-2690,bobbiekim@kineticut.com,KINETICUT,"Lo conoci en , KINETICUT No recuerdo exactamente cuando, 4 mensajes no leídos"
Bettye Raymond,+502 (915) 577-3084,bettyeraymond@boilicon.com,BOILICON,"Lo conoci en , BOILICON No recuerdo exactamente cuando, 3 mensajes no leídos"
Barr Rogers,+502 (886) 433-3980,barrrogers@petigems.com,PETIGEMS,"Lo conoci en , PETIGEMS No recuerdo exactamente cuando, 6 mensajes no leídos"
Beck Middleton,+502 (990) 441-2944,beckmiddleton@fuelworks.com,FUELWORKS,"Lo conoci en , FUELWORKS No recuerdo exactamente cuando, 10 mensajes no leídos"
Brooks Dennis,+502 (860) 420-3776,brooksdennis@kiggle.com,KIGGLE,"Lo conoci en , KIGGLE No recuerdo exactamente cuando, 2 mensajes no leídos"
Bates Park,+502 (800) 537-3434,batespark@envire.com,ENVIRE,"Lo conoci en , ENVIRE No recuerdo exactamente cuando, 4 mensajes no leídos"
Bass Hines,+502 (928) 416-3072,basshines@comcubine.com,COMCUBINE,"Lo conoci en , COMCUBINE No recuerdo exactamente cuando, 1 mensajes no leídos"
Bradshaw Gentry,+502 (852) 456-2196,bradshawgentry@balooba.com,BALOOBA,"Lo conoci en , BALOOBA No recuerdo exactamente cuando, 3 mensajes no leídos"
Cantu Velasquez,+502 (873) 552-3141,cantuvelasquez@oceanica.com,OCEANICA,"Lo conoci en , OCEANICA No recuerdo exactamente cuando, 6 mensajes no leídos"
Chang Kent,+502 (844) 442-3289,changkent@solgan.com,SOLGAN,"Lo conoci en , SOLGAN No recuerdo exactamente cuando, 3 mensajes no leídos"
Clarissa Valentine,+502 (962) 402-3313,clarissavalentine@zanity.com,ZANITY,"Lo conoci en , ZANITY No recuerdo exactamente cuando, 8 mensajes no leídos"
Celia Wolf,+502 (806) 462-2860,celiawolf@exosis.com,EXOSIS,"Lo conoci en , EXOSIS No recuerdo exactamente cuando, 9 mensajes no leídos"
Connie Espinoza,+502 (878) 555-3195,connieespinoza@gynko.com,GYNKO,"Lo conoci en , GYNKO No recuerdo exactamente cuando, 6 mensajes no leídos"
Cohen Hardin,+502 (813) 547-3335,cohenhardin@brainclip.com,BRAINCLIP,"Lo conoci en , BRAINCLIP No recuerdo exactamente cuando, 1 mensajes no leídos"
Coleman Vasquez,+502 (836) 449-3209,colemanvasquez@sloganaut.com,SLOGANAUT,"Lo conoci en , SLOGANAUT No recuerdo exactamente cuando, 8 mensajes no leídos"
Cervantes Coleman,+502 (901) 574-2452,cervantescoleman@indexia.com,INDEXIA,"Lo conoci en , INDEXIA No recuerdo exactamente cuando, 7 mensajes no leídos"
Crystal Roman,+502 (850) 510-2712,crystalroman@edecine.com,EDECINE,"Lo conoci en , EDECINE No recuerdo exactamente cuando, 1 mensajes no leídos"
Chrystal Page,+502 (828) 457-3446,chrystalpage@recritube.com,RECRITUBE,"Lo conoci en , RECRITUBE No recuerdo exactamente cuando, 6 mensajes no leídos"
Garcia Blevins,+502 (911) 574-3467,garciablevins@sealoud.com,SEALOUD,"Lo conoci en , SEALOUD No recuerdo exactamente cuando, 4 mensajes no leídos"
Guthrie Dalton,+502 (895) 493-3483,guthriedalton@ramjob.com,RAMJOB,"Lo conoci en , RAMJOB No recuerdo exactamente cuando, 7 mensajes no leídos"
Gaines Christian,+502 (883) 529-2396,gaineschristian@blanet.com,BLANET,"Lo conoci en , BLANET No recuerdo exactamente cuando, 9 mensajes no leídos"
Gabriela Levy,+502 (806) 457-3796,gabrielalevy@geekfarm.com,GEEKFARM,"Lo conoci en , GEEKFARM No recuerdo exactamente cuando, 5 mensajes no leídos"
Guzman Kidd,+502 (882) 472-3249,guzmankidd@retrack.com,RETRACK,"Lo conoci en , RETRACK No recuerdo exactamente cuando, 8 mensajes no leídos"
Genevieve Hancock,+502 (918) 533-2026,genevievehancock@illumity.com,ILLUMITY,"Lo conoci en , ILLUMITY No recuerdo exactamente cuando, 1 mensajes no leídos"
Annie Atkinson,+502 (948) 529-3133,annieatkinson@zensor.com,ZENSOR,"Lo conoci en , ZENSOR No recuerdo exactamente cuando, 10 mensajes no leídos"
Alejandra Hobbs,+502 (997) 557-2049,alejandrahobbs@gadtron.com,GADTRON,"Lo conoci en , GADTRON No recuerdo exactamente cuando, 1 mensajes no leídos"
Audra Jacobson,+502 (918) 428-3989,audrajacobson@kidstock.com,KIDSTOCK,"Lo conoci en , KIDSTOCK No recuerdo exactamente cuando, 2 mensajes no leídos"
Abby Tucker,+502 (941) 477-3158,abbytucker@ozean.com,OZEAN,"Lo conoci en , OZEAN No recuerdo exactamente cuando, 4 mensajes no leídos"
Avery Cline,+502 (938) 400-3798,averycline@syntac.com,SYNTAC,"Lo conoci en , SYNTAC No recuerdo exactamente cuando, 6 mensajes no leídos"
Andrea Ray,+502 (926) 588-3871,andrearay@moltonic.com,MOLTONIC,"Lo conoci en , MOLTONIC No recuerdo exactamente cuando, 2 mensajes no leídos"
Rosemarie Preston,+502 (821) 449-3040,rosemariepreston@emtrak.com,EMTRAK,"Lo conoci en , EMTRAK No recuerdo exactamente cuando, 7 mensajes no leídos"
Rosalie Acevedo,+502 (814) 402-2120,rosalieacevedo@matrixity.com,MATRIXITY,"Lo conoci en , MATRIXITY No recuerdo exactamente cuando, 2 mensajes no leídos"
Rodriquez Ferrell,+502 (983) 477-3983,rodriquezferrell@ebidco.com,EBIDCO,"Lo conoci en , EBIDCO No recuerdo exactamente cuando, 2 mensajes no leídos"
Rivera Morrison,+502 (877) 519-2782,riveramorrison@telequiet.com,TELEQUIET,"Lo conoci en , TELEQUIET No recuerdo exactamente cuando, 4 mensajes no leídos"
Ruby Boone,+502 (824) 473-3416,rubyboone@eplode.com,EPLODE,"Lo conoci en , EPLODE No recuerdo exactamente cuando, 8 mensajes no leídos"
Rita York,+502 (893) 417-3876,ritayork@beadzza.com,BEADZZA,"Lo conoci en , BEADZZA No recuerdo exactamente cuando, 2 mensajes no leídos"
Reese Mcbride,+502 (982) 591-3083,reesemcbride@phuel.com,PHUEL,"Lo conoci en , PHUEL No recuerdo exactamente cuando, 8 mensajes no leídos"
Roman Navarro,+502 (957) 503-2424,romannavarro@geekmosis.com,GEEKMOSIS,"Lo conoci en , GEEKMOSIS No recuerdo exactamente cuando, 4 mensajes no leídos"
Ramos Knight,+502 (918) 534-2580,ramosknight@comcur.com,COMCUR,"Lo conoci en , COMCUR No recuerdo exactamente cuando, 2 mensajes no leídos"
Jenkins Hood,+502 (806) 558-3577,jenkinshood@escenta.com,ESCENTA,"Lo conoci en , ESCENTA No recuerdo exactamente cuando, 4 mensajes no leídos"
Juliet Baird,+502 (812) 489-3438,julietbaird@viocular.com,VIOCULAR,"Lo conoci en , VIOCULAR No recuerdo exactamente cuando, 5 mensajes no leídos"
Jennie Robbins,+502 (896) 451-2954,jennierobbins@intrawear.com,INTRAWEAR,"Lo conoci en , INTRAWEAR No recuerdo exactamente cuando, 5 mensajes no leídos"
Johnson Roberson,+502 (934) 426-2406,johnsonroberson@repetwire.com,REPETWIRE,"Lo conoci en , REPETWIRE No recuerdo exactamente cuando, 5 mensajes no leídos"
Juliana Strickland,+502 (915) 536-2638,julianastrickland@namegen.com,NAMEGEN,"Lo conoci en , NAMEGEN No recuerdo exactamente cuando, 7 mensajes no leídos"
Leonard Fletcher,+502 (876) 497-2655,leonardfletcher@tropoli.com,TROPOLI,"Lo conoci en , TROPOLI No recuerdo exactamente cuando, 5 mensajes no leídos"
Lawrence Herrera,+502 (806) 480-3822,lawrenceherrera@volax.com,VOLAX,"Lo conoci en , VOLAX No recuerdo exactamente cuando, 4 mensajes no leídos"
Foreman Gill,+502 (961) 403-3107,foremangill@housedown.com,HOUSEDOWN,"Lo conoci en , HOUSEDOWN No recuerdo exactamente cuando, 10 mensajes no leídos"
Freida Stout,+502 (870) 551-3486,freidastout@supportal.com,SUPPORTAL,"Lo conoci en , SUPPORTAL No recuerdo exactamente cuando, 5 mensajes no leídos"
French Mclaughlin,+502 (992) 483-2115,frenchmclaughlin@portaline.com,PORTALINE,"Lo conoci en , PORTALINE No recuerdo exactamente cuando, 6 mensajes no leídos"
Weber Franco,+502 (896) 433-2069,weberfranco@quinex.com,QUINEX,"Lo conoci en , QUINEX No recuerdo exactamente cuando, 2 mensajes no leídos"
Dora Henson,+502 (834) 501-3758,dorahenson@jetsilk.com,JETSILK,"Lo conoci en , JETSILK No recuerdo exactamente cuando, 7 mensajes no leídos"
Dawson Stewart,+502 (813) 460-2344,dawsonstewart@bittor.com,BITTOR,"Lo conoci en , BITTOR No recuerdo exactamente cuando, 7 mensajes no leídos"
Dorothy Banks,+502 (806) 554-2333,dorothybanks@enaut.com,ENAUT,"Lo conoci en , ENAUT No recuerdo exactamente cuando, 8 mensajes no leídos"
Delia Morin,+502 (896) 590-2215,deliamorin@nikuda.com,NIKUDA,"Lo conoci en , NIKUDA No recuerdo exactamente cuando, 9 mensajes no leídos"
Davidson Patton,+502 (808) 529-3184,davidsonpatton@exoplode.com,EXOPLODE,"Lo conoci en , EXOPLODE No recuerdo exactamente cuando, 1 mensajes no leídos"
Dionne Peterson,+502 (834) 429-3239,dionnepeterson@tersanki.com,TERSANKI,"Lo conoci en , TERSANKI No recuerdo exactamente cuando, 4 mensajes no leídos"
Norton Rhodes,+502 (984) 468-2139,nortonrhodes@enquility.com,ENQUILITY,"Lo conoci en , ENQUILITY No recuerdo exactamente cuando, 10 mensajes no leídos"
Navarro Harrison,+502 (826) 416-3971,navarroharrison@enerforce.com,ENERFORCE,"Lo conoci en , ENERFORCE No recuerdo exactamente cuando, 9 mensajes no leídos"
Nash Mccarthy,+502 (801) 408-2464,nashmccarthy@waab.com,WAAB,"Lo conoci en , WAAB No recuerdo exactamente cuando, 9 mensajes no leídos"
Theresa Malone,+502 (909) 414-2578,theresamalone@thredz.com,THREDZ,"Lo conoci en , THREDZ No recuerdo exactamente cuando, 7 mensajes no leídos"
Terri Hanson,+502 (951) 421-2096,terrihanson@polarium.com,POLARIUM,"Lo conoci en , POLARIUM No recuerdo exactamente cuando, 1 mensajes no leídos"
Ortiz Carter,+502 (840) 428-2284,ortizcarter@isologix.com,ISOLOGIX,"Lo conoci en , ISOLOGIX No recuerdo exactamente cuando, 3 mensajes no leídos"
Osborne Beard,+502 (970) 414-3728,osbornebeard@exospeed.com,EXOSPEED,"Lo conoci en , EXOSPEED No recuerdo exactamente cuando, 4 mensajes no leídos"
Osborn Snow,+502 (869) 496-2679,osbornsnow@zentility.com,ZENTILITY,"Lo conoci en , ZENTILITY No recuerdo exactamente cuando, 1 mensajes no leídos"
Vang Randolph,+502 (934) 461-2907,vangrandolph@iplax.com,IPLAX,"Lo conoci en , IPLAX No recuerdo exactamente cuando, 1 mensajes no leídos"
Velazquez Santos,+502 (862) 551-3880,velazquezsantos@snowpoke.com,SNOWPOKE,"Lo conoci en , SNOWPOKE No recuerdo exactamente cuando, 2 mensajes no leídos"
Perez Joyner,+502 (877) 518-2404,perezjoyner@tetratrex.com,TETRATREX,"Lo conoci en , TETRATREX No recuerdo exactamente cuando, 2 mensajes no leídos"
Pratt Stark,+502 (814) 570-2621,prattstark@orbiflex.com,ORBIFLEX,"Lo conoci en , ORBIFLEX No recuerdo exactamente cuando, 4 mensajes no leídos"
